--liquibase formatted sql
--changeset mcb:r1-06 failonerror:true labels:r1 runOnChange:false

alter session set nls_territory = 'AMERICA';

insert into demo_warehouse (id,name) values ('1','las vegas');
insert into demo_warehouse (id,name) values ('2','seattle');
insert into demo_warehouse (id,name) values ('3','baltimore');
alter table demo_warehouse modify
  id generated by default on null
  as identity (start with limit value);

insert into demo_thing_categories (id,name) values ('1','books');
insert into demo_thing_categories (id,name) values ('2','music');
insert into demo_thing_categories (id,name) values ('3','movies');
alter table demo_thing_categories modify
  id generated by default on null
  as identity (start with limit value);


insert into demo_things (id,category,name,description,price,available) values ('1','2','echoes of silence','debut album featuring a mix of instrumental and electronic sounds by emerging artist luna wave.','15.99',to_timestamp('01.03.24','dd.mm.rr hh24:mi:ssxff'));
insert into demo_things (id,category,name,description,price,available) values ('2','2','vibrant horizons','a compilation of live performances from the renowned jazz festival, capturing the essence of contemporary jazz.','22.99',to_timestamp('20.05.24','dd.mm.rr hh24:mi:ssxff'));
insert into demo_things (id,category,name,description,price,available) values ('3','2','retro grooves','vinyl collection of classic 80s hits remastered for the modern audiophile, includes digital download.','29.99',to_timestamp('15.04.24','dd.mm.rr hh24:mi:ssxff'));
insert into demo_things (id,category,name,description,price,available) values ('4','3','journey through stars','a sci-fi epic movie exploring humanity''s first contact with alien civilizations, directed by alex rivera.','12.99',to_timestamp('10.06.24','dd.mm.rr hh24:mi:ssxff'));
insert into demo_things (id,category,name,description,price,available) values ('5','3','the hidden truth','documentary uncovering the mysteries of the ancient world, narrated by acclaimed historian dr. emily santos.','9.99',to_timestamp('22.07.24','dd.mm.rr hh24:mi:ssxff'));
insert into demo_things (id,category,name,description,price,available) values ('6','3','comedy nights','box set of the most hilarious stand-up comedy specials from the decade, featuring top comedians worldwide.','19.99',to_timestamp('05.08.24','dd.mm.rr hh24:mi:ssxff'));
insert into demo_things (id,category,name,description,price,available) values ('7','1','shadows in time','a thrilling mystery novel set in victorian england, where detective john moore unravels a series of complex crimes.','14.99',to_timestamp('01.09.24','dd.mm.rr hh24:mi:ssxff'));
insert into demo_things (id,category,name,description,price,available) values ('8','1','galaxies beyond','a hardcover illustrated guide to the universe, offering insights into the latest astronomical discoveries.','29.99',to_timestamp('13.10.24','dd.mm.rr hh24:mi:ssxff'));
insert into demo_things (id,category,name,description,price,available) values ('9','1','flavors of italy','a cookbook by chef maria rossi, featuring authentic italian recipes passed down through generations.','24.99',to_timestamp('15.11.24','dd.mm.rr hh24:mi:ssxff'));
alter table demo_things modify
  id generated by default on null
  as identity (start with limit value);

insert into demo_thing_stock (id,thing_id,warehouse,quantity) values ('1','1','3','7');
insert into demo_thing_stock (id,thing_id,warehouse,quantity) values ('2','1','2','9');
insert into demo_thing_stock (id,thing_id,warehouse,quantity) values ('3','1','1','6');
insert into demo_thing_stock (id,thing_id,warehouse,quantity) values ('4','2','3','6');
insert into demo_thing_stock (id,thing_id,warehouse,quantity) values ('5','2','2','8');
insert into demo_thing_stock (id,thing_id,warehouse,quantity) values ('6','2','1','4');
insert into demo_thing_stock (id,thing_id,warehouse,quantity) values ('7','3','3','9');
insert into demo_thing_stock (id,thing_id,warehouse,quantity) values ('8','3','2','1');
insert into demo_thing_stock (id,thing_id,warehouse,quantity) values ('9','3','1','7');
insert into demo_thing_stock (id,thing_id,warehouse,quantity) values ('10','4','3','2');
insert into demo_thing_stock (id,thing_id,warehouse,quantity) values ('11','4','2','4');
insert into demo_thing_stock (id,thing_id,warehouse,quantity) values ('12','4','1','7');
insert into demo_thing_stock (id,thing_id,warehouse,quantity) values ('13','5','3','6');
insert into demo_thing_stock (id,thing_id,warehouse,quantity) values ('14','5','2','5');
insert into demo_thing_stock (id,thing_id,warehouse,quantity) values ('15','5','1','7');
insert into demo_thing_stock (id,thing_id,warehouse,quantity) values ('16','6','3','9');
insert into demo_thing_stock (id,thing_id,warehouse,quantity) values ('17','6','2','2');
insert into demo_thing_stock (id,thing_id,warehouse,quantity) values ('18','6','1','4');
insert into demo_thing_stock (id,thing_id,warehouse,quantity) values ('19','7','3','2');
insert into demo_thing_stock (id,thing_id,warehouse,quantity) values ('20','7','2','6');
insert into demo_thing_stock (id,thing_id,warehouse,quantity) values ('21','7','1','4');
insert into demo_thing_stock (id,thing_id,warehouse,quantity) values ('22','8','3','4');
insert into demo_thing_stock (id,thing_id,warehouse,quantity) values ('23','8','2','5');
insert into demo_thing_stock (id,thing_id,warehouse,quantity) values ('24','8','1','3');
insert into demo_thing_stock (id,thing_id,warehouse,quantity) values ('25','9','3','4');
insert into demo_thing_stock (id,thing_id,warehouse,quantity) values ('26','9','2','7');
insert into demo_thing_stock (id,thing_id,warehouse,quantity) values ('27','9','1','2');
alter table demo_thing_stock modify
  id generated by default on null
  as identity (start with limit value);